midi_file_name,key,exercise,bgp,cep,sgp,ygp
HEWS_Arps_1.mid,X,arpeggios,HEWS_Arps_1_BGP.wav,HEWS_Arps_1_CEP.wav,HEWS_Arps_1_SGP.wav,HEWS_Arps_1_YGP.wav
HEWS_Arps_2.mid,X,arpeggios,HEWS_Arps_2_BGP.wav,HEWS_Arps_2_CEP.wav,HEWS_Arps_2_SGP.wav,HEWS_Arps_2_YGP.wav
HEWS_Arps_3.mid,X,arpeggios,HEWS_Arps_3_BGP.wav,HEWS_Arps_3_CEP.wav,HEWS_Arps_3_SGP.wav,HEWS_Arps_3_YGP.wav
HEWS_Arps_4.mid,X,arpeggios,HEWS_Arps_4_BGP.wav,HEWS_Arps_4_CEP.wav,HEWS_Arps_4_SGP.wav,HEWS_Arps_4_YGP.wav
HEWS_Arps_5.mid,X,arpeggios,HEWS_Arps_5_BGP.wav,HEWS_Arps_5_CEP.wav,HEWS_Arps_5_SGP.wav,HEWS_Arps_5_YGP.wav
HEWS_Arps_6.mid,X,arpeggios,HEWS_Arps_6_BGP.wav,HEWS_Arps_6_CEP.wav,HEWS_Arps_6_SGP.wav,HEWS_Arps_6_YGP.wav
HEWS_Arps_7.mid,X,arpeggios,HEWS_Arps_7_BGP.wav,HEWS_Arps_7_CEP.wav,HEWS_Arps_7_SGP.wav,HEWS_Arps_7_YGP.wav
HEWS_Arps_8.mid,X,arpeggios,HEWS_Arps_8_BGP.wav,HEWS_Arps_8_CEP.wav,HEWS_Arps_8_SGP.wav,HEWS_Arps_8_YGP.wav
HEWS_Arps_9.mid,X,arpeggios,HEWS_Arps_9_BGP.wav,HEWS_Arps_9_CEP.wav,HEWS_Arps_9_SGP.wav,HEWS_Arps_9_YGP.wav
HEWS_Arps_10.mid,X,arpeggios,HEWS_Arps_10_BGP.wav,HEWS_Arps_10_CEP.wav,HEWS_Arps_10_SGP.wav,HEWS_Arps_10_YGP.wav
HEWS_Arps_11.mid,X,arpeggios,HEWS_Arps_11_BGP.wav,HEWS_Arps_11_CEP.wav,HEWS_Arps_11_SGP.wav,HEWS_Arps_11_YGP.wav
HEWS_Chords_C.mid,C,chords,HEWS_Chords_C_BGP.wav,HEWS_Chords_C_CEP.wav,HEWS_Chords_C_SGP.wav,HEWS_Chords_C_YGP.wav
HEWS_Chords_F.mid,F,chords,HEWS_Chords_F_BGP.wav,HEWS_Chords_F_CEP.wav,HEWS_Chords_F_SGP.wav,HEWS_Chords_F_YGP.wav
HEWS_Chords_G.mid,G,chords,HEWS_Chords_G_BGP.wav,HEWS_Chords_G_CEP.wav,HEWS_Chords_G_SGP.wav,HEWS_Chords_G_YGP.wav
HEWS_Lows_A#.mid,A#,lows,HEWS_Lows_A#_BGP.wav,HEWS_Lows_A#_CEP.wav,HEWS_Lows_A#_SGP.wav,HEWS_Lows_A#_YGP.wav
HEWS_Lows_A.mid,A,lows,HEWS_Lows_A_BGP.wav,HEWS_Lows_A_CEP.wav,HEWS_Lows_A_SGP.wav,HEWS_Lows_A_YGP.wav
HEWS_Lows_B.mid,B,lows,HEWS_Lows_B_BGP.wav,HEWS_Lows_B_CEP.wav,HEWS_Lows_B_SGP.wav,HEWS_Lows_B_YGP.wav
HEWS_Lows_C#.mid,C#,lows,HEWS_Lows_C#_BGP.wav,HEWS_Lows_C#_CEP.wav,HEWS_Lows_C#_SGP.wav,HEWS_Lows_C#_YGP.wav
HEWS_Lows_C.mid,C,lows,HEWS_Lows_C_BGP.wav,HEWS_Lows_C_CEP.wav,HEWS_Lows_C_SGP.wav,HEWS_Lows_C_YGP.wav
HEWS_Lows_C_2.mid,C,lows,HEWS_Lows_C_2_BGP.wav,HEWS_Lows_C_2_CEP.wav,HEWS_Lows_C_2_SGP.wav,HEWS_Lows_C_2_YGP.wav
HEWS_Lows_D#.mid,D#,lows,HEWS_Lows_D#_BGP.wav,HEWS_Lows_D#_CEP.wav,HEWS_Lows_D#_SGP.wav,HEWS_Lows_D#_YGP.wav
HEWS_Lows_D.mid,D,lows,HEWS_Lows_D_BGP.wav,HEWS_Lows_D_CEP.wav,HEWS_Lows_D_SGP.wav,HEWS_Lows_D_YGP.wav
HEWS_Lows_E.mid,E,lows,HEWS_Lows_E_BGP.wav,HEWS_Lows_E_CEP.wav,HEWS_Lows_E_SGP.wav,HEWS_Lows_E_YGP.wav
HEWS_Lows_F#.mid,F#,lows,HEWS_Lows_F#_BGP.wav,HEWS_Lows_F#_CEP.wav,HEWS_Lows_F#_SGP.wav,HEWS_Lows_F#_YGP.wav
HEWS_Lows_F.mid,F,lows,HEWS_Lows_F_BGP.wav,HEWS_Lows_F_CEP.wav,HEWS_Lows_F_SGP.wav,HEWS_Lows_F_YGP.wav
HEWS_Lows_G#.mid,G#,lows,HEWS_Lows_G#_BGP.wav,HEWS_Lows_G#_CEP.wav,HEWS_Lows_G#_SGP.wav,HEWS_Lows_G#_YGP.wav
HEWS_Lows_G.mid,G,lows,HEWS_Lows_G_BGP.wav,HEWS_Lows_G_CEP.wav,HEWS_Lows_G_SGP.wav,HEWS_Lows_G_YGP.wav
HEWS_MelodyChords_1.mid,X,melody_chords,HEWS_MelodyChords_1_BGP.wav,HEWS_MelodyChords_1_CEP.wav,HEWS_MelodyChords_1_SGP.wav,HEWS_MelodyChords_1_YGP.wav
HEWS_MelodyChords_2.mid,X,melody_chords,HEWS_MelodyChords_2_BGP.wav,HEWS_MelodyChords_2_CEP.wav,HEWS_MelodyChords_2_SGP.wav,HEWS_MelodyChords_2_YGP.wav
HEWS_MelodyChords_3.mid,X,melody_chords,HEWS_MelodyChords_3_BGP.wav,HEWS_MelodyChords_3_CEP.wav,HEWS_MelodyChords_3_SGP.wav,HEWS_MelodyChords_3_YGP.wav
HEWS_MelodyChords_4.mid,X,melody_chords,HEWS_MelodyChords_4_BGP.wav,HEWS_MelodyChords_4_CEP.wav,HEWS_MelodyChords_4_SGP.wav,HEWS_MelodyChords_4_YGP.wav
HEWS_MelodyChords_5.mid,X,melody_chords,HEWS_MelodyChords_5_BGP.wav,HEWS_MelodyChords_5_CEP.wav,HEWS_MelodyChords_5_SGP.wav,HEWS_MelodyChords_5_YGP.wav
HEWS_MelodyChords_6.mid,X,melody_chords,HEWS_MelodyChords_6_BGP.wav,HEWS_MelodyChords_6_CEP.wav,HEWS_MelodyChords_6_SGP.wav,HEWS_MelodyChords_6_YGP.wav
HEWS_MelodyChords_7.mid,X,melody_chords,HEWS_MelodyChords_7_BGP.wav,HEWS_MelodyChords_7_CEP.wav,HEWS_MelodyChords_7_SGP.wav,HEWS_MelodyChords_7_YGP.wav
HEWS_MelodyChords_8.mid,X,melody_chords,HEWS_MelodyChords_8_BGP.wav,HEWS_MelodyChords_8_CEP.wav,HEWS_MelodyChords_8_SGP.wav,HEWS_MelodyChords_8_YGP.wav
HEWS_MelodyChords_9.mid,X,melody_chords,HEWS_MelodyChords_9_BGP.wav,HEWS_MelodyChords_9_CEP.wav,HEWS_MelodyChords_9_SGP.wav,HEWS_MelodyChords_9_YGP.wav
HEWS_MelodyChords_10.mid,X,melody_chords,HEWS_MelodyChords_10_BGP.wav,HEWS_MelodyChords_10_CEP.wav,HEWS_MelodyChords_10_SGP.wav,HEWS_MelodyChords_10_YGP.wav
HEWS_MelodyChords_11.mid,X,melody_chords,HEWS_MelodyChords_11_BGP.wav,HEWS_MelodyChords_11_CEP.wav,HEWS_MelodyChords_11_SGP.wav,HEWS_MelodyChords_11_YGP.wav
HEWS_MelodyChords_12.mid,X,melody_chords,HEWS_MelodyChords_12_BGP.wav,HEWS_MelodyChords_12_CEP.wav,HEWS_MelodyChords_12_SGP.wav,HEWS_MelodyChords_12_YGP.wav
HEWS_MelodyChords_13.mid,X,melody_chords,HEWS_MelodyChords_13_BGP.wav,HEWS_MelodyChords_13_CEP.wav,HEWS_MelodyChords_13_SGP.wav,HEWS_MelodyChords_13_YGP.wav
HEWS_MelodyChords_14.mid,X,melody_chords,HEWS_MelodyChords_14_BGP.wav,HEWS_MelodyChords_14_CEP.wav,HEWS_MelodyChords_14_SGP.wav,HEWS_MelodyChords_14_YGP.wav
HEWS_MelodyChords_15.mid,X,melody_chords,HEWS_MelodyChords_15_BGP.wav,HEWS_MelodyChords_15_CEP.wav,HEWS_MelodyChords_15_SGP.wav,HEWS_MelodyChords_15_YGP.wav
HEWS_MelodyChords_16.mid,X,melody_chords,HEWS_MelodyChords_16_BGP.wav,HEWS_MelodyChords_16_CEP.wav,HEWS_MelodyChords_16_SGP.wav,HEWS_MelodyChords_16_YGP.wav
HEWS_MelodyChords_17.mid,X,melody_chords,HEWS_MelodyChords_17_BGP.wav,HEWS_MelodyChords_17_CEP.wav,HEWS_MelodyChords_17_SGP.wav,HEWS_MelodyChords_17_YGP.wav
HEWS_MelodyChords_18.mid,X,melody_chords,HEWS_MelodyChords_18_BGP.wav,HEWS_MelodyChords_18_CEP.wav,HEWS_MelodyChords_18_SGP.wav,HEWS_MelodyChords_18_YGP.wav
HEWS_MelodyChords_19.mid,X,melody_chords,HEWS_MelodyChords_19_BGP.wav,HEWS_MelodyChords_19_CEP.wav,HEWS_MelodyChords_19_SGP.wav,HEWS_MelodyChords_19_YGP.wav
HEWS_MelodyChords_20.mid,X,melody_chords,HEWS_MelodyChords_20_BGP.wav,HEWS_MelodyChords_20_CEP.wav,HEWS_MelodyChords_20_SGP.wav,HEWS_MelodyChords_20_YGP.wav
HEWS_MelodyChords_21.mid,X,melody_chords,HEWS_MelodyChords_21_BGP.wav,HEWS_MelodyChords_21_CEP.wav,HEWS_MelodyChords_21_SGP.wav,HEWS_MelodyChords_21_YGP.wav
HEWS_MelodyChords_22.mid,X,melody_chords,HEWS_MelodyChords_22_BGP.wav,HEWS_MelodyChords_22_CEP.wav,HEWS_MelodyChords_22_SGP.wav,HEWS_MelodyChords_22_YGP.wav
HEWS_MelodyChords_23.mid,X,melody_chords,HEWS_MelodyChords_23_BGP.wav,HEWS_MelodyChords_23_CEP.wav,HEWS_MelodyChords_23_SGP.wav,HEWS_MelodyChords_23_YGP.wav
HEWS_MelodyChords_24.mid,X,melody_chords,HEWS_MelodyChords_24_BGP.wav,HEWS_MelodyChords_24_CEP.wav,HEWS_MelodyChords_24_SGP.wav,HEWS_MelodyChords_24_YGP.wav
HEWS_MelodyChords_25.mid,X,melody_chords,HEWS_MelodyChords_25_BGP.wav,HEWS_MelodyChords_25_CEP.wav,HEWS_MelodyChords_25_SGP.wav,HEWS_MelodyChords_25_YGP.wav
HEWS_MelodyChords_26.mid,X,melody_chords,HEWS_MelodyChords_26_BGP.wav,HEWS_MelodyChords_26_CEP.wav,HEWS_MelodyChords_26_SGP.wav,HEWS_MelodyChords_26_YGP.wav
HEWS_MelodyChords_27.mid,X,melody_chords,HEWS_MelodyChords_27_BGP.wav,HEWS_MelodyChords_27_CEP.wav,HEWS_MelodyChords_27_SGP.wav,HEWS_MelodyChords_27_YGP.wav
HEWS_MelodyChords_28.mid,X,melody_chords,HEWS_MelodyChords_28_BGP.wav,HEWS_MelodyChords_28_CEP.wav,HEWS_MelodyChords_28_SGP.wav,HEWS_MelodyChords_28_YGP.wav
HEWS_MelodyChords_29.mid,X,melody_chords,HEWS_MelodyChords_29_BGP.wav,HEWS_MelodyChords_29_CEP.wav,HEWS_MelodyChords_29_SGP.wav,HEWS_MelodyChords_29_YGP.wav
HEWS_MelodyChords_30.mid,X,melody_chords,HEWS_MelodyChords_30_BGP.wav,HEWS_MelodyChords_30_CEP.wav,HEWS_MelodyChords_30_SGP.wav,HEWS_MelodyChords_30_YGP.wav
HEWS_MelodyChords_31.mid,X,melody_chords,HEWS_MelodyChords_31_BGP.wav,HEWS_MelodyChords_31_CEP.wav,HEWS_MelodyChords_31_SGP.wav,HEWS_MelodyChords_31_YGP.wav
HEWS_MelodyChords_32.mid,X,melody_chords,HEWS_MelodyChords_32_BGP.wav,HEWS_MelodyChords_32_CEP.wav,HEWS_MelodyChords_32_SGP.wav,HEWS_MelodyChords_32_YGP.wav
HEWS_MelodyChords_33.mid,X,melody_chords,HEWS_MelodyChords_33_BGP.wav,HEWS_MelodyChords_33_CEP.wav,HEWS_MelodyChords_33_SGP.wav,HEWS_MelodyChords_33_YGP.wav
HEWS_MelodyChords_34.mid,X,melody_chords,HEWS_MelodyChords_34_BGP.wav,HEWS_MelodyChords_34_CEP.wav,HEWS_MelodyChords_34_SGP.wav,HEWS_MelodyChords_34_YGP.wav
HEWS_MelodyChords_35.mid,X,melody_chords,HEWS_MelodyChords_35_BGP.wav,HEWS_MelodyChords_35_CEP.wav,HEWS_MelodyChords_35_SGP.wav,HEWS_MelodyChords_35_YGP.wav
HEWS_MelodyChords_36.mid,X,melody_chords,HEWS_MelodyChords_36_BGP.wav,HEWS_MelodyChords_36_CEP.wav,HEWS_MelodyChords_36_SGP.wav,HEWS_MelodyChords_36_YGP.wav
HEWS_MelodyChords_37.mid,X,melody_chords,HEWS_MelodyChords_37_BGP.wav,HEWS_MelodyChords_37_CEP.wav,HEWS_MelodyChords_37_SGP.wav,HEWS_MelodyChords_37_YGP.wav
HEWS_MelodyChords_38.mid,X,melody_chords,HEWS_MelodyChords_38_BGP.wav,HEWS_MelodyChords_38_CEP.wav,HEWS_MelodyChords_38_SGP.wav,HEWS_MelodyChords_38_YGP.wav
HEWS_MelodyChords_39.mid,X,melody_chords,HEWS_MelodyChords_39_BGP.wav,HEWS_MelodyChords_39_CEP.wav,HEWS_MelodyChords_39_SGP.wav,HEWS_MelodyChords_39_YGP.wav
HEWS_MelodyChords_40.mid,X,melody_chords,HEWS_MelodyChords_40_BGP.wav,HEWS_MelodyChords_40_CEP.wav,HEWS_MelodyChords_40_SGP.wav,HEWS_MelodyChords_40_YGP.wav
HEWS_MelodyChords_41.mid,X,melody_chords,HEWS_MelodyChords_41_BGP.wav,HEWS_MelodyChords_41_CEP.wav,HEWS_MelodyChords_41_SGP.wav,HEWS_MelodyChords_41_YGP.wav
HEWS_MelodyChords_42.mid,X,melody_chords,HEWS_MelodyChords_42_BGP.wav,HEWS_MelodyChords_42_CEP.wav,HEWS_MelodyChords_42_SGP.wav,HEWS_MelodyChords_42_YGP.wav
HEWS_MelodyChords_43.mid,X,melody_chords,HEWS_MelodyChords_43_BGP.wav,HEWS_MelodyChords_43_CEP.wav,HEWS_MelodyChords_43_SGP.wav,HEWS_MelodyChords_43_YGP.wav
HEWS_MelodyChords_44.mid,X,melody_chords,HEWS_MelodyChords_44_BGP.wav,HEWS_MelodyChords_44_CEP.wav,HEWS_MelodyChords_44_SGP.wav,HEWS_MelodyChords_44_YGP.wav
HEWS_MelodyChords_45.mid,X,melody_chords,HEWS_MelodyChords_45_BGP.wav,HEWS_MelodyChords_45_CEP.wav,HEWS_MelodyChords_45_SGP.wav,HEWS_MelodyChords_45_YGP.wav
HEWS_MelodyChords_46.mid,X,melody_chords,HEWS_MelodyChords_46_BGP.wav,HEWS_MelodyChords_46_CEP.wav,HEWS_MelodyChords_46_SGP.wav,HEWS_MelodyChords_46_YGP.wav
HEWS_MelodyChords_47.mid,X,melody_chords,HEWS_MelodyChords_47_BGP.wav,HEWS_MelodyChords_47_CEP.wav,HEWS_MelodyChords_47_SGP.wav,HEWS_MelodyChords_47_YGP.wav
HEWS_MelodyChords_48.mid,X,melody_chords,HEWS_MelodyChords_48_BGP.wav,HEWS_MelodyChords_48_CEP.wav,HEWS_MelodyChords_48_SGP.wav,HEWS_MelodyChords_48_YGP.wav
HEWS_MelodyChords_49.mid,X,melody_chords,HEWS_MelodyChords_49_BGP.wav,HEWS_MelodyChords_49_CEP.wav,HEWS_MelodyChords_49_SGP.wav,HEWS_MelodyChords_49_YGP.wav
HEWS_OctaveNoodles_1.mid,X,octave_noodles,HEWS_OctaveNoodles_1_BGP.wav,HEWS_OctaveNoodles_1_CEP.wav,HEWS_OctaveNoodles_1_SGP.wav,HEWS_OctaveNoodles_1_YGP.wav
HEWS_OctaveNoodles_2.mid,X,octave_noodles,HEWS_OctaveNoodles_2_BGP.wav,HEWS_OctaveNoodles_2_CEP.wav,HEWS_OctaveNoodles_2_SGP.wav,HEWS_OctaveNoodles_2_YGP.wav
HEWS_OctaveNoodles_3.mid,X,octave_noodles,HEWS_OctaveNoodles_3_BGP.wav,HEWS_OctaveNoodles_3_CEP.wav,HEWS_OctaveNoodles_3_SGP.wav,HEWS_OctaveNoodles_3_YGP.wav
HEWS_OctaveNoodles_4.mid,X,octave_noodles,HEWS_OctaveNoodles_4_BGP.wav,HEWS_OctaveNoodles_4_CEP.wav,HEWS_OctaveNoodles_4_SGP.wav,HEWS_OctaveNoodles_4_YGP.wav
HEWS_OctaveNoodles_5.mid,X,octave_noodles,HEWS_OctaveNoodles_5_BGP.wav,HEWS_OctaveNoodles_5_CEP.wav,HEWS_OctaveNoodles_5_SGP.wav,HEWS_OctaveNoodles_5_YGP.wav
HEWS_OctaveNoodles_6.mid,X,octave_noodles,HEWS_OctaveNoodles_6_BGP.wav,HEWS_OctaveNoodles_6_CEP.wav,HEWS_OctaveNoodles_6_SGP.wav,HEWS_OctaveNoodles_6_YGP.wav
HEWS_OctaveNoodles_7.mid,X,octave_noodles,HEWS_OctaveNoodles_7_BGP.wav,HEWS_OctaveNoodles_7_CEP.wav,HEWS_OctaveNoodles_7_SGP.wav,HEWS_OctaveNoodles_7_YGP.wav
HEWS_OctaveNoodles_8.mid,X,octave_noodles,HEWS_OctaveNoodles_8_BGP.wav,HEWS_OctaveNoodles_8_CEP.wav,HEWS_OctaveNoodles_8_SGP.wav,HEWS_OctaveNoodles_8_YGP.wav
HEWS_OctaveNoodles_9.mid,X,octave_noodles,HEWS_OctaveNoodles_9_BGP.wav,HEWS_OctaveNoodles_9_CEP.wav,HEWS_OctaveNoodles_9_SGP.wav,HEWS_OctaveNoodles_9_YGP.wav
HEWS_OctaveNoodles_10.mid,X,octave_noodles,HEWS_OctaveNoodles_10_BGP.wav,HEWS_OctaveNoodles_10_CEP.wav,HEWS_OctaveNoodles_10_SGP.wav,HEWS_OctaveNoodles_10_YGP.wav
HEWS_OctaveNoodles_11.mid,X,octave_noodles,HEWS_OctaveNoodles_11_BGP.wav,HEWS_OctaveNoodles_11_CEP.wav,HEWS_OctaveNoodles_11_SGP.wav,HEWS_OctaveNoodles_11_YGP.wav
HEWS_OctaveNoodles_12.mid,X,octave_noodles,HEWS_OctaveNoodles_12_BGP.wav,HEWS_OctaveNoodles_12_CEP.wav,HEWS_OctaveNoodles_12_SGP.wav,HEWS_OctaveNoodles_12_YGP.wav
HEWS_OctaveNoodles_13.mid,X,octave_noodles,HEWS_OctaveNoodles_13_BGP.wav,HEWS_OctaveNoodles_13_CEP.wav,HEWS_OctaveNoodles_13_SGP.wav,HEWS_OctaveNoodles_13_YGP.wav
HEWS_OctaveNoodles_14.mid,X,octave_noodles,HEWS_OctaveNoodles_14_BGP.wav,HEWS_OctaveNoodles_14_CEP.wav,HEWS_OctaveNoodles_14_SGP.wav,HEWS_OctaveNoodles_14_YGP.wav
HEWS_OctaveStrength_A#.mid,A#,octave_strength,HEWS_OctaveStrength_A#_BGP.wav,HEWS_OctaveStrength_A#_CEP.wav,HEWS_OctaveStrength_A#_SGP.wav,HEWS_OctaveStrength_A#_YGP.wav
HEWS_OctaveStrength_A#_2.mid,A#,octave_strength,HEWS_OctaveStrength_A#_2_BGP.wav,HEWS_OctaveStrength_A#_2_CEP.wav,HEWS_OctaveStrength_A#_2_SGP.wav,HEWS_OctaveStrength_A#_2_YGP.wav
HEWS_OctaveStrength_A.mid,A,octave_strength,HEWS_OctaveStrength_A_BGP.wav,HEWS_OctaveStrength_A_CEP.wav,HEWS_OctaveStrength_A_SGP.wav,HEWS_OctaveStrength_A_YGP.wav
HEWS_OctaveStrength_A_2.mid,A,octave_strength,HEWS_OctaveStrength_A_2_BGP.wav,HEWS_OctaveStrength_A_2_CEP.wav,HEWS_OctaveStrength_A_2_SGP.wav,HEWS_OctaveStrength_A_2_YGP.wav
HEWS_OctaveStrength_B.mid,B,octave_strength,HEWS_OctaveStrength_B_BGP.wav,HEWS_OctaveStrength_B_CEP.wav,HEWS_OctaveStrength_B_SGP.wav,HEWS_OctaveStrength_B_YGP.wav
HEWS_OctaveStrength_B_2.mid,B,octave_strength,HEWS_OctaveStrength_B_2_BGP.wav,HEWS_OctaveStrength_B_2_CEP.wav,HEWS_OctaveStrength_B_2_SGP.wav,HEWS_OctaveStrength_B_2_YGP.wav
HEWS_OctaveStrength_C#.mid,C#,octave_strength,HEWS_OctaveStrength_C#_BGP.wav,HEWS_OctaveStrength_C#_CEP.wav,HEWS_OctaveStrength_C#_SGP.wav,HEWS_OctaveStrength_C#_YGP.wav
HEWS_OctaveStrength_C.mid,C,octave_strength,HEWS_OctaveStrength_C_BGP.wav,HEWS_OctaveStrength_C_CEP.wav,HEWS_OctaveStrength_C_SGP.wav,HEWS_OctaveStrength_C_YGP.wav
HEWS_OctaveStrength_D#.mid,D#,octave_strength,HEWS_OctaveStrength_D#_BGP.wav,HEWS_OctaveStrength_D#_CEP.wav,HEWS_OctaveStrength_D#_SGP.wav,HEWS_OctaveStrength_D#_YGP.wav
HEWS_OctaveStrength_D.mid,D,octave_strength,HEWS_OctaveStrength_D_BGP.wav,HEWS_OctaveStrength_D_CEP.wav,HEWS_OctaveStrength_D_SGP.wav,HEWS_OctaveStrength_D_YGP.wav
HEWS_OctaveStrength_E.mid,E,octave_strength,HEWS_OctaveStrength_E_BGP.wav,HEWS_OctaveStrength_E_CEP.wav,HEWS_OctaveStrength_E_SGP.wav,HEWS_OctaveStrength_E_YGP.wav
HEWS_OctaveStrength_F#.mid,F#,octave_strength,HEWS_OctaveStrength_F#_BGP.wav,HEWS_OctaveStrength_F#_CEP.wav,HEWS_OctaveStrength_F#_SGP.wav,HEWS_OctaveStrength_F#_YGP.wav
HEWS_OctaveStrength_F#_2.mid,F#,octave_strength,HEWS_OctaveStrength_F#_2_BGP.wav,HEWS_OctaveStrength_F#_2_CEP.wav,HEWS_OctaveStrength_F#_2_SGP.wav,HEWS_OctaveStrength_F#_2_YGP.wav
HEWS_OctaveStrength_F.mid,F,octave_strength,HEWS_OctaveStrength_F_BGP.wav,HEWS_OctaveStrength_F_CEP.wav,HEWS_OctaveStrength_F_SGP.wav,HEWS_OctaveStrength_F_YGP.wav
HEWS_OctaveStrength_F_2.mid,F,octave_strength,HEWS_OctaveStrength_F_2_BGP.wav,HEWS_OctaveStrength_F_2_CEP.wav,HEWS_OctaveStrength_F_2_SGP.wav,HEWS_OctaveStrength_F_2_YGP.wav
HEWS_OctaveStrength_G#.mid,G#,octave_strength,HEWS_OctaveStrength_G#_BGP.wav,HEWS_OctaveStrength_G#_CEP.wav,HEWS_OctaveStrength_G#_SGP.wav,HEWS_OctaveStrength_G#_YGP.wav
HEWS_OctaveStrength_G.mid,G,octave_strength,HEWS_OctaveStrength_G_BGP.wav,HEWS_OctaveStrength_G_CEP.wav,HEWS_OctaveStrength_G_SGP.wav,HEWS_OctaveStrength_G_YGP.wav
HEWS_OvertoneStrength_A#.mid,A#,overtone_strength,HEWS_OvertoneStrength_A#_BGP.wav,HEWS_OvertoneStrength_A#_CEP.wav,HEWS_OvertoneStrength_A#_SGP.wav,HEWS_OvertoneStrength_A#_YGP.wav
HEWS_OvertoneStrength_A.mid,A,overtone_strength,HEWS_OvertoneStrength_A_BGP.wav,HEWS_OvertoneStrength_A_CEP.wav,HEWS_OvertoneStrength_A_SGP.wav,HEWS_OvertoneStrength_A_YGP.wav
HEWS_OvertoneStrength_B.mid,B,overtone_strength,HEWS_OvertoneStrength_B_BGP.wav,HEWS_OvertoneStrength_B_CEP.wav,HEWS_OvertoneStrength_B_SGP.wav,HEWS_OvertoneStrength_B_YGP.wav
HEWS_OvertoneStrength_C#.mid,C#,overtone_strength,HEWS_OvertoneStrength_C#_BGP.wav,HEWS_OvertoneStrength_C#_CEP.wav,HEWS_OvertoneStrength_C#_SGP.wav,HEWS_OvertoneStrength_C#_YGP.wav
HEWS_OvertoneStrength_C.mid,C,overtone_strength,HEWS_OvertoneStrength_C_BGP.wav,HEWS_OvertoneStrength_C_CEP.wav,HEWS_OvertoneStrength_C_SGP.wav,HEWS_OvertoneStrength_C_YGP.wav
HEWS_OvertoneStrength_D#.mid,D#,overtone_strength,HEWS_OvertoneStrength_D#_BGP.wav,HEWS_OvertoneStrength_D#_CEP.wav,HEWS_OvertoneStrength_D#_SGP.wav,HEWS_OvertoneStrength_D#_YGP.wav
HEWS_OvertoneStrength_D.mid,D,overtone_strength,HEWS_OvertoneStrength_D_BGP.wav,HEWS_OvertoneStrength_D_CEP.wav,HEWS_OvertoneStrength_D_SGP.wav,HEWS_OvertoneStrength_D_YGP.wav
HEWS_OvertoneStrength_E.mid,E,overtone_strength,HEWS_OvertoneStrength_E_BGP.wav,HEWS_OvertoneStrength_E_CEP.wav,HEWS_OvertoneStrength_E_SGP.wav,HEWS_OvertoneStrength_E_YGP.wav
HEWS_OvertoneStrength_F#.mid,F#,overtone_strength,HEWS_OvertoneStrength_F#_BGP.wav,HEWS_OvertoneStrength_F#_CEP.wav,HEWS_OvertoneStrength_F#_SGP.wav,HEWS_OvertoneStrength_F#_YGP.wav
HEWS_OvertoneStrength_F.mid,F,overtone_strength,HEWS_OvertoneStrength_F_BGP.wav,HEWS_OvertoneStrength_F_CEP.wav,HEWS_OvertoneStrength_F_SGP.wav,HEWS_OvertoneStrength_F_YGP.wav
HEWS_OvertoneStrength_G#.mid,G#,overtone_strength,HEWS_OvertoneStrength_G#_BGP.wav,HEWS_OvertoneStrength_G#_CEP.wav,HEWS_OvertoneStrength_G#_SGP.wav,HEWS_OvertoneStrength_G#_YGP.wav
HEWS_OvertoneStrength_G.mid,G,overtone_strength,HEWS_OvertoneStrength_G_BGP.wav,HEWS_OvertoneStrength_G_CEP.wav,HEWS_OvertoneStrength_G_SGP.wav,HEWS_OvertoneStrength_G_YGP.wav
HEWS_RandomChordClusters_1.mid,X,random_chord_clusters,HEWS_RandomChordClusters_1_BGP.wav,HEWS_RandomChordClusters_1_CEP.wav,HEWS_RandomChordClusters_1_SGP.wav,HEWS_RandomChordClusters_1_YGP.wav
HEWS_RandomChordClusters_2.mid,X,random_chord_clusters,HEWS_RandomChordClusters_2_BGP.wav,HEWS_RandomChordClusters_2_CEP.wav,HEWS_RandomChordClusters_2_SGP.wav,HEWS_RandomChordClusters_2_YGP.wav
HEWS_RandomChordClusters_3.mid,X,random_chord_clusters,HEWS_RandomChordClusters_3_BGP.wav,HEWS_RandomChordClusters_3_CEP.wav,HEWS_RandomChordClusters_3_SGP.wav,HEWS_RandomChordClusters_3_YGP.wav
HEWS_RandomChordClusters_4.mid,X,random_chord_clusters,HEWS_RandomChordClusters_4_BGP.wav,HEWS_RandomChordClusters_4_CEP.wav,HEWS_RandomChordClusters_4_SGP.wav,HEWS_RandomChordClusters_4_YGP.wav
HEWS_RandomChordClusters_5.mid,X,random_chord_clusters,HEWS_RandomChordClusters_5_BGP.wav,HEWS_RandomChordClusters_5_CEP.wav,HEWS_RandomChordClusters_5_SGP.wav,HEWS_RandomChordClusters_5_YGP.wav
HEWS_RandomChordClusters_6.mid,X,random_chord_clusters,HEWS_RandomChordClusters_6_BGP.wav,HEWS_RandomChordClusters_6_CEP.wav,HEWS_RandomChordClusters_6_SGP.wav,HEWS_RandomChordClusters_6_YGP.wav
HEWS_RandomChordClusters_7.mid,X,random_chord_clusters,HEWS_RandomChordClusters_7_BGP.wav,HEWS_RandomChordClusters_7_CEP.wav,HEWS_RandomChordClusters_7_SGP.wav,HEWS_RandomChordClusters_7_YGP.wav
HEWS_RandomChordClusters_8.mid,X,random_chord_clusters,HEWS_RandomChordClusters_8_BGP.wav,HEWS_RandomChordClusters_8_CEP.wav,HEWS_RandomChordClusters_8_SGP.wav,HEWS_RandomChordClusters_8_YGP.wav
HEWS_RandomChordClusters_9.mid,X,random_chord_clusters,HEWS_RandomChordClusters_9_BGP.wav,HEWS_RandomChordClusters_9_CEP.wav,HEWS_RandomChordClusters_9_SGP.wav,HEWS_RandomChordClusters_9_YGP.wav
HEWS_RandomChordClusters_10.mid,X,random_chord_clusters,HEWS_RandomChordClusters_10_BGP.wav,HEWS_RandomChordClusters_10_CEP.wav,HEWS_RandomChordClusters_10_SGP.wav,HEWS_RandomChordClusters_10_YGP.wav
HEWS_RandomChordClusters_11.mid,X,random_chord_clusters,HEWS_RandomChordClusters_11_BGP.wav,HEWS_RandomChordClusters_11_CEP.wav,HEWS_RandomChordClusters_11_SGP.wav,HEWS_RandomChordClusters_11_YGP.wav
HEWS_RandomChordClusters_12.mid,X,random_chord_clusters,HEWS_RandomChordClusters_12_BGP.wav,HEWS_RandomChordClusters_12_CEP.wav,HEWS_RandomChordClusters_12_SGP.wav,HEWS_RandomChordClusters_12_YGP.wav
HEWS_RandomChordClusters_13.mid,X,random_chord_clusters,HEWS_RandomChordClusters_13_BGP.wav,HEWS_RandomChordClusters_13_CEP.wav,HEWS_RandomChordClusters_13_SGP.wav,HEWS_RandomChordClusters_13_YGP.wav
HEWS_RandomChordClusters_14.mid,X,random_chord_clusters,HEWS_RandomChordClusters_14_BGP.wav,HEWS_RandomChordClusters_14_CEP.wav,HEWS_RandomChordClusters_14_SGP.wav,HEWS_RandomChordClusters_14_YGP.wav
HEWS_RandomChordClusters_15.mid,X,random_chord_clusters,HEWS_RandomChordClusters_15_BGP.wav,HEWS_RandomChordClusters_15_CEP.wav,HEWS_RandomChordClusters_15_SGP.wav,HEWS_RandomChordClusters_15_YGP.wav
HEWS_RandomChordClusters_16.mid,X,random_chord_clusters,HEWS_RandomChordClusters_16_BGP.wav,HEWS_RandomChordClusters_16_CEP.wav,HEWS_RandomChordClusters_16_SGP.wav,HEWS_RandomChordClusters_16_YGP.wav
HEWS_RandomChordClusters_17.mid,X,random_chord_clusters,HEWS_RandomChordClusters_17_BGP.wav,HEWS_RandomChordClusters_17_CEP.wav,HEWS_RandomChordClusters_17_SGP.wav,HEWS_RandomChordClusters_17_YGP.wav
HEWS_RandomChordClusters_18.mid,X,random_chord_clusters,HEWS_RandomChordClusters_18_BGP.wav,HEWS_RandomChordClusters_18_CEP.wav,HEWS_RandomChordClusters_18_SGP.wav,HEWS_RandomChordClusters_18_YGP.wav
HEWS_RandomChordClusters_19.mid,X,random_chord_clusters,HEWS_RandomChordClusters_19_BGP.wav,HEWS_RandomChordClusters_19_CEP.wav,HEWS_RandomChordClusters_19_SGP.wav,HEWS_RandomChordClusters_19_YGP.wav
HEWS_RandomChordClusters_20.mid,X,random_chord_clusters,HEWS_RandomChordClusters_20_BGP.wav,HEWS_RandomChordClusters_20_CEP.wav,HEWS_RandomChordClusters_20_SGP.wav,HEWS_RandomChordClusters_20_YGP.wav
HEWS_RandomChordClusters_21.mid,X,random_chord_clusters,HEWS_RandomChordClusters_21_BGP.wav,HEWS_RandomChordClusters_21_CEP.wav,HEWS_RandomChordClusters_21_SGP.wav,HEWS_RandomChordClusters_21_YGP.wav
HEWS_RandomChordClusters_22.mid,X,random_chord_clusters,HEWS_RandomChordClusters_22_BGP.wav,HEWS_RandomChordClusters_22_CEP.wav,HEWS_RandomChordClusters_22_SGP.wav,HEWS_RandomChordClusters_22_YGP.wav
HEWS_RandomChordClusters_23.mid,X,random_chord_clusters,HEWS_RandomChordClusters_23_BGP.wav,HEWS_RandomChordClusters_23_CEP.wav,HEWS_RandomChordClusters_23_SGP.wav,HEWS_RandomChordClusters_23_YGP.wav
HEWS_RandomChordClusters_24.mid,X,random_chord_clusters,HEWS_RandomChordClusters_24_BGP.wav,HEWS_RandomChordClusters_24_CEP.wav,HEWS_RandomChordClusters_24_SGP.wav,HEWS_RandomChordClusters_24_YGP.wav
HEWS_RandomChordClusters_25.mid,X,random_chord_clusters,HEWS_RandomChordClusters_25_BGP.wav,HEWS_RandomChordClusters_25_CEP.wav,HEWS_RandomChordClusters_25_SGP.wav,HEWS_RandomChordClusters_25_YGP.wav
HEWS_RandomChordClusters_26.mid,X,random_chord_clusters,HEWS_RandomChordClusters_26_BGP.wav,HEWS_RandomChordClusters_26_CEP.wav,HEWS_RandomChordClusters_26_SGP.wav,HEWS_RandomChordClusters_26_YGP.wav
HEWS_RandomChordClusters_27.mid,X,random_chord_clusters,HEWS_RandomChordClusters_27_BGP.wav,HEWS_RandomChordClusters_27_CEP.wav,HEWS_RandomChordClusters_27_SGP.wav,HEWS_RandomChordClusters_27_YGP.wav
HEWS_RandomChordClusters_28.mid,X,random_chord_clusters,HEWS_RandomChordClusters_28_BGP.wav,HEWS_RandomChordClusters_28_CEP.wav,HEWS_RandomChordClusters_28_SGP.wav,HEWS_RandomChordClusters_28_YGP.wav
HEWS_RandomChordClusters_29.mid,X,random_chord_clusters,HEWS_RandomChordClusters_29_BGP.wav,HEWS_RandomChordClusters_29_CEP.wav,HEWS_RandomChordClusters_29_SGP.wav,HEWS_RandomChordClusters_29_YGP.wav
HEWS_RandomChordClusters_30.mid,X,random_chord_clusters,HEWS_RandomChordClusters_30_BGP.wav,HEWS_RandomChordClusters_30_CEP.wav,HEWS_RandomChordClusters_30_SGP.wav,HEWS_RandomChordClusters_30_YGP.wav
HEWS_RandomChordClusters_31.mid,X,random_chord_clusters,HEWS_RandomChordClusters_31_BGP.wav,HEWS_RandomChordClusters_31_CEP.wav,HEWS_RandomChordClusters_31_SGP.wav,HEWS_RandomChordClusters_31_YGP.wav
HEWS_RandomChordClusters_32.mid,X,random_chord_clusters,HEWS_RandomChordClusters_32_BGP.wav,HEWS_RandomChordClusters_32_CEP.wav,HEWS_RandomChordClusters_32_SGP.wav,HEWS_RandomChordClusters_32_YGP.wav
HEWS_RandomChordClusters_33.mid,X,random_chord_clusters,HEWS_RandomChordClusters_33_BGP.wav,HEWS_RandomChordClusters_33_CEP.wav,HEWS_RandomChordClusters_33_SGP.wav,HEWS_RandomChordClusters_33_YGP.wav
HEWS_RandomChordClusters_34.mid,X,random_chord_clusters,HEWS_RandomChordClusters_34_BGP.wav,HEWS_RandomChordClusters_34_CEP.wav,HEWS_RandomChordClusters_34_SGP.wav,HEWS_RandomChordClusters_34_YGP.wav
HEWS_RandomChordClusters_35.mid,X,random_chord_clusters,HEWS_RandomChordClusters_35_BGP.wav,HEWS_RandomChordClusters_35_CEP.wav,HEWS_RandomChordClusters_35_SGP.wav,HEWS_RandomChordClusters_35_YGP.wav
HEWS_RandomChordClusters_36.mid,X,random_chord_clusters,HEWS_RandomChordClusters_36_BGP.wav,HEWS_RandomChordClusters_36_CEP.wav,HEWS_RandomChordClusters_36_SGP.wav,HEWS_RandomChordClusters_36_YGP.wav
HEWS_RandomChordClusters_37.mid,X,random_chord_clusters,HEWS_RandomChordClusters_37_BGP.wav,HEWS_RandomChordClusters_37_CEP.wav,HEWS_RandomChordClusters_37_SGP.wav,HEWS_RandomChordClusters_37_YGP.wav
HEWS_RandomChordClusters_38.mid,X,random_chord_clusters,HEWS_RandomChordClusters_38_BGP.wav,HEWS_RandomChordClusters_38_CEP.wav,HEWS_RandomChordClusters_38_SGP.wav,HEWS_RandomChordClusters_38_YGP.wav
HEWS_RandomChordClusters_39.mid,X,random_chord_clusters,HEWS_RandomChordClusters_39_BGP.wav,HEWS_RandomChordClusters_39_CEP.wav,HEWS_RandomChordClusters_39_SGP.wav,HEWS_RandomChordClusters_39_YGP.wav
HEWS_RandomChordClusters_40.mid,X,random_chord_clusters,HEWS_RandomChordClusters_40_BGP.wav,HEWS_RandomChordClusters_40_CEP.wav,HEWS_RandomChordClusters_40_SGP.wav,HEWS_RandomChordClusters_40_YGP.wav
HEWS_RandomChordClusters_41.mid,X,random_chord_clusters,HEWS_RandomChordClusters_41_BGP.wav,HEWS_RandomChordClusters_41_CEP.wav,HEWS_RandomChordClusters_41_SGP.wav,HEWS_RandomChordClusters_41_YGP.wav
HEWS_RandomChordClusters_42.mid,X,random_chord_clusters,HEWS_RandomChordClusters_42_BGP.wav,HEWS_RandomChordClusters_42_CEP.wav,HEWS_RandomChordClusters_42_SGP.wav,HEWS_RandomChordClusters_42_YGP.wav
HEWS_RandomChordClusters_43.mid,X,random_chord_clusters,HEWS_RandomChordClusters_43_BGP.wav,HEWS_RandomChordClusters_43_CEP.wav,HEWS_RandomChordClusters_43_SGP.wav,HEWS_RandomChordClusters_43_YGP.wav
HEWS_RandomChordClusters_44.mid,X,random_chord_clusters,HEWS_RandomChordClusters_44_BGP.wav,HEWS_RandomChordClusters_44_CEP.wav,HEWS_RandomChordClusters_44_SGP.wav,HEWS_RandomChordClusters_44_YGP.wav
HEWS_RandomChordClusters_45.mid,X,random_chord_clusters,HEWS_RandomChordClusters_45_BGP.wav,HEWS_RandomChordClusters_45_CEP.wav,HEWS_RandomChordClusters_45_SGP.wav,HEWS_RandomChordClusters_45_YGP.wav
HEWS_RandomChordClusters_46.mid,X,random_chord_clusters,HEWS_RandomChordClusters_46_BGP.wav,HEWS_RandomChordClusters_46_CEP.wav,HEWS_RandomChordClusters_46_SGP.wav,HEWS_RandomChordClusters_46_YGP.wav
HEWS_RandomChordClusters_47.mid,X,random_chord_clusters,HEWS_RandomChordClusters_47_BGP.wav,HEWS_RandomChordClusters_47_CEP.wav,HEWS_RandomChordClusters_47_SGP.wav,HEWS_RandomChordClusters_47_YGP.wav
HEWS_RandomChordClusters_48.mid,X,random_chord_clusters,HEWS_RandomChordClusters_48_BGP.wav,HEWS_RandomChordClusters_48_CEP.wav,HEWS_RandomChordClusters_48_SGP.wav,HEWS_RandomChordClusters_48_YGP.wav
HEWS_RandomChordClusters_49.mid,X,random_chord_clusters,HEWS_RandomChordClusters_49_BGP.wav,HEWS_RandomChordClusters_49_CEP.wav,HEWS_RandomChordClusters_49_SGP.wav,HEWS_RandomChordClusters_49_YGP.wav
HEWS_RandomChordClusters_50.mid,X,random_chord_clusters,HEWS_RandomChordClusters_50_BGP.wav,HEWS_RandomChordClusters_50_CEP.wav,HEWS_RandomChordClusters_50_SGP.wav,HEWS_RandomChordClusters_50_YGP.wav
HEWS_RandomChordClusters_51.mid,X,random_chord_clusters,HEWS_RandomChordClusters_51_BGP.wav,HEWS_RandomChordClusters_51_CEP.wav,HEWS_RandomChordClusters_51_SGP.wav,HEWS_RandomChordClusters_51_YGP.wav
HEWS_RandomChordClusters_52.mid,X,random_chord_clusters,HEWS_RandomChordClusters_52_BGP.wav,HEWS_RandomChordClusters_52_CEP.wav,HEWS_RandomChordClusters_52_SGP.wav,HEWS_RandomChordClusters_52_YGP.wav
HEWS_RandomChordClusters_53.mid,X,random_chord_clusters,HEWS_RandomChordClusters_53_BGP.wav,HEWS_RandomChordClusters_53_CEP.wav,HEWS_RandomChordClusters_53_SGP.wav,HEWS_RandomChordClusters_53_YGP.wav
HEWS_RandomChordClusters_54.mid,X,random_chord_clusters,HEWS_RandomChordClusters_54_BGP.wav,HEWS_RandomChordClusters_54_CEP.wav,HEWS_RandomChordClusters_54_SGP.wav,HEWS_RandomChordClusters_54_YGP.wav
HEWS_RandomChordClusters_55.mid,X,random_chord_clusters,HEWS_RandomChordClusters_55_BGP.wav,HEWS_RandomChordClusters_55_CEP.wav,HEWS_RandomChordClusters_55_SGP.wav,HEWS_RandomChordClusters_55_YGP.wav
HEWS_RandomChordClusters_56.mid,X,random_chord_clusters,HEWS_RandomChordClusters_56_BGP.wav,HEWS_RandomChordClusters_56_CEP.wav,HEWS_RandomChordClusters_56_SGP.wav,HEWS_RandomChordClusters_56_YGP.wav
HEWS_RandomChordClusters_57.mid,X,random_chord_clusters,HEWS_RandomChordClusters_57_BGP.wav,HEWS_RandomChordClusters_57_CEP.wav,HEWS_RandomChordClusters_57_SGP.wav,HEWS_RandomChordClusters_57_YGP.wav
HEWS_RandomChordClusters_58.mid,X,random_chord_clusters,HEWS_RandomChordClusters_58_BGP.wav,HEWS_RandomChordClusters_58_CEP.wav,HEWS_RandomChordClusters_58_SGP.wav,HEWS_RandomChordClusters_58_YGP.wav
HEWS_RandomNote_1.mid,X,random_note,HEWS_RandomNote_1_BGP.wav,HEWS_RandomNote_1_CEP.wav,HEWS_RandomNote_1_SGP.wav,HEWS_RandomNote_1_YGP.wav
HEWS_RandomNote_2.mid,X,random_note,HEWS_RandomNote_2_BGP.wav,HEWS_RandomNote_2_CEP.wav,HEWS_RandomNote_2_SGP.wav,HEWS_RandomNote_2_YGP.wav
HEWS_RandomNote_3.mid,X,random_note,HEWS_RandomNote_3_BGP.wav,HEWS_RandomNote_3_CEP.wav,HEWS_RandomNote_3_SGP.wav,HEWS_RandomNote_3_YGP.wav
HEWS_RandomNote_4.mid,X,random_note,HEWS_RandomNote_4_BGP.wav,HEWS_RandomNote_4_CEP.wav,HEWS_RandomNote_4_SGP.wav,HEWS_RandomNote_4_YGP.wav
HEWS_RandomNote_5.mid,X,random_note,HEWS_RandomNote_5_BGP.wav,HEWS_RandomNote_5_CEP.wav,HEWS_RandomNote_5_SGP.wav,HEWS_RandomNote_5_YGP.wav
HEWS_RandomNote_6.mid,X,random_note,HEWS_RandomNote_6_BGP.wav,HEWS_RandomNote_6_CEP.wav,HEWS_RandomNote_6_SGP.wav,HEWS_RandomNote_6_YGP.wav
HEWS_RandomNote_7.mid,X,random_note,HEWS_RandomNote_7_BGP.wav,HEWS_RandomNote_7_CEP.wav,HEWS_RandomNote_7_SGP.wav,HEWS_RandomNote_7_YGP.wav
HEWS_RandomNote_8.mid,X,random_note,HEWS_RandomNote_8_BGP.wav,HEWS_RandomNote_8_CEP.wav,HEWS_RandomNote_8_SGP.wav,HEWS_RandomNote_8_YGP.wav
HEWS_RandomNote_9.mid,X,random_note,HEWS_RandomNote_9_BGP.wav,HEWS_RandomNote_9_CEP.wav,HEWS_RandomNote_9_SGP.wav,HEWS_RandomNote_9_YGP.wav
HEWS_RandomNote_10.mid,X,random_note,HEWS_RandomNote_10_BGP.wav,HEWS_RandomNote_10_CEP.wav,HEWS_RandomNote_10_SGP.wav,HEWS_RandomNote_10_YGP.wav
HEWS_RandomNote_11.mid,X,random_note,HEWS_RandomNote_11_BGP.wav,HEWS_RandomNote_11_CEP.wav,HEWS_RandomNote_11_SGP.wav,HEWS_RandomNote_11_YGP.wav
HEWS_RandomNote_12.mid,X,random_note,HEWS_RandomNote_12_BGP.wav,HEWS_RandomNote_12_CEP.wav,HEWS_RandomNote_12_SGP.wav,HEWS_RandomNote_12_YGP.wav
HEWS_RandomNote_13.mid,X,random_note,HEWS_RandomNote_13_BGP.wav,HEWS_RandomNote_13_CEP.wav,HEWS_RandomNote_13_SGP.wav,HEWS_RandomNote_13_YGP.wav
HEWS_Scales_A.mid,A,scales,HEWS_Scales_A_BGP.wav,HEWS_Scales_A_CEP.wav,HEWS_Scales_A_SGP.wav,HEWS_Scales_A_YGP.wav
HEWS_Scales_B.mid,B,scales,HEWS_Scales_B_BGP.wav,HEWS_Scales_B_CEP.wav,HEWS_Scales_B_SGP.wav,HEWS_Scales_B_YGP.wav
HEWS_Scales_C.mid,C,scales,HEWS_Scales_C_BGP.wav,HEWS_Scales_C_CEP.wav,HEWS_Scales_C_SGP.wav,HEWS_Scales_C_YGP.wav
HEWS_Scales_D.mid,D,scales,HEWS_Scales_D_BGP.wav,HEWS_Scales_D_CEP.wav,HEWS_Scales_D_SGP.wav,HEWS_Scales_D_YGP.wav
HEWS_Scales_E.mid,E,scales,HEWS_Scales_E_BGP.wav,HEWS_Scales_E_CEP.wav,HEWS_Scales_E_SGP.wav,HEWS_Scales_E_YGP.wav
HEWS_Scales_F.mid,F,scales,HEWS_Scales_F_BGP.wav,HEWS_Scales_F_CEP.wav,HEWS_Scales_F_SGP.wav,HEWS_Scales_F_YGP.wav
HEWS_Scales_G.mid,G,scales,HEWS_Scales_G_BGP.wav,HEWS_Scales_G_CEP.wav,HEWS_Scales_G_SGP.wav,HEWS_Scales_G_YGP.wav
HEWS_Songs_1.mid,X,songs,HEWS_Songs_1_BGP.wav,HEWS_Songs_1_CEP.wav,HEWS_Songs_1_SGP.wav,HEWS_Songs_1_YGP.wav
HEWS_Songs_2.mid,X,songs,HEWS_Songs_2_BGP.wav,HEWS_Songs_2_CEP.wav,HEWS_Songs_2_SGP.wav,HEWS_Songs_2_YGP.wav
HEWS_Songs_3.mid,X,songs,HEWS_Songs_3_BGP.wav,HEWS_Songs_3_CEP.wav,HEWS_Songs_3_SGP.wav,HEWS_Songs_3_YGP.wav
HEWS_Songs_4.mid,X,songs,HEWS_Songs_4_BGP.wav,HEWS_Songs_4_CEP.wav,HEWS_Songs_4_SGP.wav,HEWS_Songs_4_YGP.wav
HEWS_Songs_5.mid,X,songs,HEWS_Songs_5_BGP.wav,HEWS_Songs_5_CEP.wav,HEWS_Songs_5_SGP.wav,HEWS_Songs_5_YGP.wav
HEWS_Songs_6.mid,X,songs,HEWS_Songs_6_BGP.wav,HEWS_Songs_6_CEP.wav,HEWS_Songs_6_SGP.wav,HEWS_Songs_6_YGP.wav
HEWS_Songs_7.mid,X,songs,HEWS_Songs_7_BGP.wav,HEWS_Songs_7_CEP.wav,HEWS_Songs_7_SGP.wav,HEWS_Songs_7_YGP.wav
HEWS_Songs_8.mid,X,songs,HEWS_Songs_8_BGP.wav,HEWS_Songs_8_CEP.wav,HEWS_Songs_8_SGP.wav,HEWS_Songs_8_YGP.wav
HEWS_Songs_9.mid,X,songs,HEWS_Songs_9_BGP.wav,HEWS_Songs_9_CEP.wav,HEWS_Songs_9_SGP.wav,HEWS_Songs_9_YGP.wav
HEWS_Songs_10.mid,X,songs,HEWS_Songs_10_BGP.wav,HEWS_Songs_10_CEP.wav,HEWS_Songs_10_SGP.wav,HEWS_Songs_10_YGP.wav
HEWS_Songs_11.mid,X,songs,HEWS_Songs_11_BGP.wav,HEWS_Songs_11_CEP.wav,HEWS_Songs_11_SGP.wav,HEWS_Songs_11_YGP.wav
HEWS_Songs_12.mid,X,songs,HEWS_Songs_12_BGP.wav,HEWS_Songs_12_CEP.wav,HEWS_Songs_12_SGP.wav,HEWS_Songs_12_YGP.wav
HEWS_Songs_13.mid,X,songs,HEWS_Songs_13_BGP.wav,HEWS_Songs_13_CEP.wav,HEWS_Songs_13_SGP.wav,HEWS_Songs_13_YGP.wav
HEWS_Songs_14.mid,X,songs,HEWS_Songs_14_BGP.wav,HEWS_Songs_14_CEP.wav,HEWS_Songs_14_SGP.wav,HEWS_Songs_14_YGP.wav
HEWS_Songs_15.mid,X,songs,HEWS_Songs_15_BGP.wav,HEWS_Songs_15_CEP.wav,HEWS_Songs_15_SGP.wav,HEWS_Songs_15_YGP.wav
HEWS_Songs_16.mid,X,songs,HEWS_Songs_16_BGP.wav,HEWS_Songs_16_CEP.wav,HEWS_Songs_16_SGP.wav,HEWS_Songs_16_YGP.wav
HEWS_Songs_17.mid,X,songs,HEWS_Songs_17_BGP.wav,HEWS_Songs_17_CEP.wav,HEWS_Songs_17_SGP.wav,HEWS_Songs_17_YGP.wav
HEWS_Songs_18.mid,X,songs,HEWS_Songs_18_BGP.wav,HEWS_Songs_18_CEP.wav,HEWS_Songs_18_SGP.wav,HEWS_Songs_18_YGP.wav
HEWS_Songs_19.mid,X,songs,HEWS_Songs_19_BGP.wav,HEWS_Songs_19_CEP.wav,HEWS_Songs_19_SGP.wav,HEWS_Songs_19_YGP.wav
HEWS_Songs_20.mid,X,songs,HEWS_Songs_20_BGP.wav,HEWS_Songs_20_CEP.wav,HEWS_Songs_20_SGP.wav,HEWS_Songs_20_YGP.wav
HEWS_Songs_21.mid,X,songs,HEWS_Songs_21_BGP.wav,HEWS_Songs_21_CEP.wav,HEWS_Songs_21_SGP.wav,HEWS_Songs_21_YGP.wav
HEWS_Songs_22.mid,X,songs,HEWS_Songs_22_BGP.wav,HEWS_Songs_22_CEP.wav,HEWS_Songs_22_SGP.wav,HEWS_Songs_22_YGP.wav
HEWS_Songs_23.mid,X,songs,HEWS_Songs_23_BGP.wav,HEWS_Songs_23_CEP.wav,HEWS_Songs_23_SGP.wav,HEWS_Songs_23_YGP.wav
HEWS_Songs_24.mid,X,songs,HEWS_Songs_24_BGP.wav,HEWS_Songs_24_CEP.wav,HEWS_Songs_24_SGP.wav,HEWS_Songs_24_YGP.wav
HEWS_Songs_25.mid,X,songs,HEWS_Songs_25_BGP.wav,HEWS_Songs_25_CEP.wav,HEWS_Songs_25_SGP.wav,HEWS_Songs_25_YGP.wav
HEWS_Splits_A#.mid,A#,splits,HEWS_Splits_A#_BGP.wav,HEWS_Splits_A#_CEP.wav,HEWS_Splits_A#_SGP.wav,HEWS_Splits_A#_YGP.wav
HEWS_Splits_A.mid,A,splits,HEWS_Splits_A_BGP.wav,HEWS_Splits_A_CEP.wav,HEWS_Splits_A_SGP.wav,HEWS_Splits_A_YGP.wav
HEWS_Splits_B.mid,B,splits,HEWS_Splits_B_BGP.wav,HEWS_Splits_B_CEP.wav,HEWS_Splits_B_SGP.wav,HEWS_Splits_B_YGP.wav
HEWS_Splits_C#.mid,C#,splits,HEWS_Splits_C#_BGP.wav,HEWS_Splits_C#_CEP.wav,HEWS_Splits_C#_SGP.wav,HEWS_Splits_C#_YGP.wav
HEWS_Splits_C.mid,C,splits,HEWS_Splits_C_BGP.wav,HEWS_Splits_C_CEP.wav,HEWS_Splits_C_SGP.wav,HEWS_Splits_C_YGP.wav
HEWS_Splits_D#.mid,D#,splits,HEWS_Splits_D#_BGP.wav,HEWS_Splits_D#_CEP.wav,HEWS_Splits_D#_SGP.wav,HEWS_Splits_D#_YGP.wav
HEWS_Splits_D.mid,D,splits,HEWS_Splits_D_BGP.wav,HEWS_Splits_D_CEP.wav,HEWS_Splits_D_SGP.wav,HEWS_Splits_D_YGP.wav
HEWS_Splits_E.mid,E,splits,HEWS_Splits_E_BGP.wav,HEWS_Splits_E_CEP.wav,HEWS_Splits_E_SGP.wav,HEWS_Splits_E_YGP.wav
HEWS_Splits_F#.mid,F#,splits,HEWS_Splits_F#_BGP.wav,HEWS_Splits_F#_CEP.wav,HEWS_Splits_F#_SGP.wav,HEWS_Splits_F#_YGP.wav
HEWS_Splits_F.mid,F,splits,HEWS_Splits_F_BGP.wav,HEWS_Splits_F_CEP.wav,HEWS_Splits_F_SGP.wav,HEWS_Splits_F_YGP.wav
HEWS_Splits_G#.mid,G#,splits,HEWS_Splits_G#_BGP.wav,HEWS_Splits_G#_CEP.wav,HEWS_Splits_G#_SGP.wav,HEWS_Splits_G#_YGP.wav
HEWS_Splits_G.mid,G,splits,HEWS_Splits_G_BGP.wav,HEWS_Splits_G_CEP.wav,HEWS_Splits_G_SGP.wav,HEWS_Splits_G_YGP.wav
HEWS_TrillsChords_1.mid,X,trills_chords,HEWS_TrillsChords_1_BGP.wav,HEWS_TrillsChords_1_CEP.wav,HEWS_TrillsChords_1_SGP.wav,HEWS_TrillsChords_1_YGP.wav
HEWS_TrillsChords_2.mid,X,trills_chords,HEWS_TrillsChords_2_BGP.wav,HEWS_TrillsChords_2_CEP.wav,HEWS_TrillsChords_2_SGP.wav,HEWS_TrillsChords_2_YGP.wav
HEWS_TrillsChords_3.mid,X,trills_chords,HEWS_TrillsChords_3_BGP.wav,HEWS_TrillsChords_3_CEP.wav,HEWS_TrillsChords_3_SGP.wav,HEWS_TrillsChords_3_YGP.wav
HEWS_TrillsChords_4.mid,X,trills_chords,HEWS_TrillsChords_4_BGP.wav,HEWS_TrillsChords_4_CEP.wav,HEWS_TrillsChords_4_SGP.wav,HEWS_TrillsChords_4_YGP.wav
HEWS_TrillsChords_5.mid,X,trills_chords,HEWS_TrillsChords_5_BGP.wav,HEWS_TrillsChords_5_CEP.wav,HEWS_TrillsChords_5_SGP.wav,HEWS_TrillsChords_5_YGP.wav
HEWS_TrillsChords_6.mid,X,trills_chords,HEWS_TrillsChords_6_BGP.wav,HEWS_TrillsChords_6_CEP.wav,HEWS_TrillsChords_6_SGP.wav,HEWS_TrillsChords_6_YGP.wav
HEWS_TrillsChords_7.mid,X,trills_chords,HEWS_TrillsChords_7_BGP.wav,HEWS_TrillsChords_7_CEP.wav,HEWS_TrillsChords_7_SGP.wav,HEWS_TrillsChords_7_YGP.wav
HEWS_TrillsChords_8.mid,X,trills_chords,HEWS_TrillsChords_8_BGP.wav,HEWS_TrillsChords_8_CEP.wav,HEWS_TrillsChords_8_SGP.wav,HEWS_TrillsChords_8_YGP.wav
HEWS_TrillsChords_9.mid,X,trills_chords,HEWS_TrillsChords_9_BGP.wav,HEWS_TrillsChords_9_CEP.wav,HEWS_TrillsChords_9_SGP.wav,HEWS_TrillsChords_9_YGP.wav
HEWS_TrillsChords_10.mid,X,trills_chords,HEWS_TrillsChords_10_BGP.wav,HEWS_TrillsChords_10_CEP.wav,HEWS_TrillsChords_10_SGP.wav,HEWS_TrillsChords_10_YGP.wav
HEWS_TrillsChords_11.mid,X,trills_chords,HEWS_TrillsChords_11_BGP.wav,HEWS_TrillsChords_11_CEP.wav,HEWS_TrillsChords_11_SGP.wav,HEWS_TrillsChords_11_YGP.wav
HEWS_TrillsChords_12.mid,X,trills_chords,HEWS_TrillsChords_12_BGP.wav,HEWS_TrillsChords_12_CEP.wav,HEWS_TrillsChords_12_SGP.wav,HEWS_TrillsChords_12_YGP.wav
HEWS_TrillsChords_13.mid,X,trills_chords,HEWS_TrillsChords_13_BGP.wav,HEWS_TrillsChords_13_CEP.wav,HEWS_TrillsChords_13_SGP.wav,HEWS_TrillsChords_13_YGP.wav
HEWS_TrillsChords_14.mid,X,trills_chords,HEWS_TrillsChords_14_BGP.wav,HEWS_TrillsChords_14_CEP.wav,HEWS_TrillsChords_14_SGP.wav,HEWS_TrillsChords_14_YGP.wav
HEWS_TrillsChords_15.mid,X,trills_chords,HEWS_TrillsChords_15_BGP.wav,HEWS_TrillsChords_15_CEP.wav,HEWS_TrillsChords_15_SGP.wav,HEWS_TrillsChords_15_YGP.wav
HEWS_TrillsChords_16.mid,X,trills_chords,HEWS_TrillsChords_16_BGP.wav,HEWS_TrillsChords_16_CEP.wav,HEWS_TrillsChords_16_SGP.wav,HEWS_TrillsChords_16_YGP.wav
HEWS_TrillsChords_17.mid,X,trills_chords,HEWS_TrillsChords_17_BGP.wav,HEWS_TrillsChords_17_CEP.wav,HEWS_TrillsChords_17_SGP.wav,HEWS_TrillsChords_17_YGP.wav
HEWS_TrillsChords_18.mid,X,trills_chords,HEWS_TrillsChords_18_BGP.wav,HEWS_TrillsChords_18_CEP.wav,HEWS_TrillsChords_18_SGP.wav,HEWS_TrillsChords_18_YGP.wav
HEWS_TrillsChords_19.mid,X,trills_chords,HEWS_TrillsChords_19_BGP.wav,HEWS_TrillsChords_19_CEP.wav,HEWS_TrillsChords_19_SGP.wav,HEWS_TrillsChords_19_YGP.wav
HEWS_TrillsChords_20.mid,X,trills_chords,HEWS_TrillsChords_20_BGP.wav,HEWS_TrillsChords_20_CEP.wav,HEWS_TrillsChords_20_SGP.wav,HEWS_TrillsChords_20_YGP.wav
HEWS_TrillsChords_21.mid,X,trills_chords,HEWS_TrillsChords_21_BGP.wav,HEWS_TrillsChords_21_CEP.wav,HEWS_TrillsChords_21_SGP.wav,HEWS_TrillsChords_21_YGP.wav
HEWS_TrillsChords_22.mid,X,trills_chords,HEWS_TrillsChords_22_BGP.wav,HEWS_TrillsChords_22_CEP.wav,HEWS_TrillsChords_22_SGP.wav,HEWS_TrillsChords_22_YGP.wav
HEWS_TrillsOnly_1.mid,X,trills_only,HEWS_TrillsOnly_1_BGP.wav,HEWS_TrillsOnly_1_CEP.wav,HEWS_TrillsOnly_1_SGP.wav,HEWS_TrillsOnly_1_YGP.wav
HEWS_TrillsOnly_2.mid,X,trills_only,HEWS_TrillsOnly_2_BGP.wav,HEWS_TrillsOnly_2_CEP.wav,HEWS_TrillsOnly_2_SGP.wav,HEWS_TrillsOnly_2_YGP.wav
HEWS_TrillsOnly_3.mid,X,trills_only,HEWS_TrillsOnly_3_BGP.wav,HEWS_TrillsOnly_3_CEP.wav,HEWS_TrillsOnly_3_SGP.wav,HEWS_TrillsOnly_3_YGP.wav
HEWS_TrillsOnly_4.mid,X,trills_only,HEWS_TrillsOnly_4_BGP.wav,HEWS_TrillsOnly_4_CEP.wav,HEWS_TrillsOnly_4_SGP.wav,HEWS_TrillsOnly_4_YGP.wav
HEWS_TrillsOnly_5.mid,X,trills_only,HEWS_TrillsOnly_5_BGP.wav,HEWS_TrillsOnly_5_CEP.wav,HEWS_TrillsOnly_5_SGP.wav,HEWS_TrillsOnly_5_YGP.wav
HEWS_TrillsOnly_6.mid,X,trills_only,HEWS_TrillsOnly_6_BGP.wav,HEWS_TrillsOnly_6_CEP.wav,HEWS_TrillsOnly_6_SGP.wav,HEWS_TrillsOnly_6_YGP.wav
HEWS_TrillsOnly_7.mid,X,trills_only,HEWS_TrillsOnly_7_BGP.wav,HEWS_TrillsOnly_7_CEP.wav,HEWS_TrillsOnly_7_SGP.wav,HEWS_TrillsOnly_7_YGP.wav
HEWS_TrillsOnly_8.mid,X,trills_only,HEWS_TrillsOnly_8_BGP.wav,HEWS_TrillsOnly_8_CEP.wav,HEWS_TrillsOnly_8_SGP.wav,HEWS_TrillsOnly_8_YGP.wav
HEWS_TrillsOnly_9.mid,X,trills_only,HEWS_TrillsOnly_9_BGP.wav,HEWS_TrillsOnly_9_CEP.wav,HEWS_TrillsOnly_9_SGP.wav,HEWS_TrillsOnly_9_YGP.wav
HEWS_TrillsOnly_10.mid,X,trills_only,HEWS_TrillsOnly_10_BGP.wav,HEWS_TrillsOnly_10_CEP.wav,HEWS_TrillsOnly_10_SGP.wav,HEWS_TrillsOnly_10_YGP.wav
HEWS_TrillsOnly_11.mid,X,trills_only,HEWS_TrillsOnly_11_BGP.wav,HEWS_TrillsOnly_11_CEP.wav,HEWS_TrillsOnly_11_SGP.wav,HEWS_TrillsOnly_11_YGP.wav
HEWS_TrillsOnly_12.mid,X,trills_only,HEWS_TrillsOnly_12_BGP.wav,HEWS_TrillsOnly_12_CEP.wav,HEWS_TrillsOnly_12_SGP.wav,HEWS_TrillsOnly_12_YGP.wav
HEWS_TrillsOnly_13.mid,X,trills_only,HEWS_TrillsOnly_13_BGP.wav,HEWS_TrillsOnly_13_CEP.wav,HEWS_TrillsOnly_13_SGP.wav,HEWS_TrillsOnly_13_YGP.wav
HEWS_TrillsOnly_14.mid,X,trills_only,HEWS_TrillsOnly_14_BGP.wav,HEWS_TrillsOnly_14_CEP.wav,HEWS_TrillsOnly_14_SGP.wav,HEWS_TrillsOnly_14_YGP.wav
HEWS_TrillsOnly_15.mid,X,trills_only,HEWS_TrillsOnly_15_BGP.wav,HEWS_TrillsOnly_15_CEP.wav,HEWS_TrillsOnly_15_SGP.wav,HEWS_TrillsOnly_15_YGP.wav